{
  "Season2": {
    "battlePassPurchased": false,
    "battlePassTier": 1,
    "battlePassXPBoost": 0,
    "battlePassXPFriendBoost": 0
  },
  "Season3": {
    "battlePassPurchased": false,
    "battlePassTier": 1,
    "battlePassXPBoost": 0,
    "battlePassXPFriendBoost": 0
  },
  "Season4": {
    "battlePassPurchased": false,
    "battlePassTier": 1,
    "battlePassXPBoost": 0,
    "battlePassXPFriendBoost": 0
  },
  "Season5": {
    "battlePassPurchased": false,
    "battlePassTier": 1,
    "battlePassXPBoost": 0,
    "battlePassXPFriendBoost": 0
  },
  "Season6": {
    "battlePassPurchased": false,
    "battlePassTier": 1,
    "battlePassXPBoost": 0,
    "battlePassXPFriendBoost": 0
  },
  "Season7": {
    "battlePassPurchased": false,
    "battlePassTier": 1,
    "battlePassXPBoost": 0,
    "battlePassXPFriendBoost": 0
  },
  "Season8": {
    "battlePassPurchased": false,
    "battlePassTier": 1,
    "battlePassXPBoost": 0,
    "battlePassXPFriendBoost": 0
  },
  "Season9": {
    "battlePassPurchased": false,
    "battlePassTier": 1,
    "battlePassXPBoost": 0,
    "battlePassXPFriendBoost": 0
  },
  "Season10": {
    "battlePassPurchased": false,
    "battlePassTier": 1,
    "battlePassXPBoost": 0,
    "battlePassXPFriendBoost": 0
  }
}