[
  {
    "accountId": "Twin1",
    "status": "ACCEPTED",
    "direction": "OUTBOUND",
    "created": "2022-08-31T05:47:06.568Z",
    "favorite": false
  },
  {
    "accountId": "Twfda",
    "status": "ACCEPTED",
    "direction": "OUTBOUND",
    "created": "2022-08-31T06:18:37.173Z",
    "favorite": false
  },
  {
    "accountId": "Twas",
    "status": "ACCEPTED",
    "direction": "OUTBOUND",
    "created": "2022-08-31T06:24:38.582Z",
    "favorite": false
  },
  {
    "accountId": "FortniteModPorn",
    "status": "ACCEPTED",
    "direction": "OUTBOUND",
    "created": "2022-09-01T01:43:47.883Z",
    "favorite": false
  },
  {
    "accountId": "Rily",
    "status": "ACCEPTED",
    "direction": "OUTBOUND",
    "created": "2022-09-01T02:39:08.477Z",
    "favorite": false
  },
  {
    "accountId": "Sexter",
    "status": "ACCEPTED",
    "direction": "OUTBOUND",
    "created": "2022-09-03T01:37:19.738Z",
    "favorite": false
  },
  {
    "accountId": "Logged_in_as_i_hate_ella_to",
    "status": "ACCEPTED",
    "direction": "OUTBOUND",
    "created": "2022-09-04T23:12:34.438Z",
    "favorite": false
  },
  {
    "accountId": "i_hate_ella_to",
    "status": "ACCEPTED",
    "direction": "OUTBOUND",
    "created": "2022-09-04T23:15:42.870Z",
    "favorite": false
  }
]